{
  "project_info": {
    "project_number": "587368411111",
    "firebase_url": "https://aptapp-3b622.firebaseio.com",
    "project_id": "aptapp-3b622",
    "storage_bucket": "aptapp-3b622.appspot.com"
  },
  "client": [
    {
      "client_info": {
        "mobilesdk_app_id": "1:587368411111:android:90ce8d3a9af4e89e",
        "android_client_info": {
          "package_name": "com.apt.app2"
        }
      },
      "oauth_client": [
        {
          "client_id": "587368411111-nq0afga6h18er4i2cft6qbs3oojacdb6.apps.googleusercontent.com",
          "client_type": 3
        }
      ],
      "api_key": [
        {
          "current_key": "AIzaSyBTVX31Vefs9l4KbTMSM4sLp1g9jac5Sm4"
        }
      ],
      "services": {
        "analytics_service": {
          "status": 1
        },
        "appinvite_service": {
          "status": 1,
          "other_platform_oauth_client": []
        },
        "ads_service": {
          "status": 2
        }
      }
    }
  ],
  "configuration_version": "1"
}