{
  "project_info": {
    "project_number": "167187753572",
    "firebase_url": "https://vue-admin-85ef1.firebaseio.com",
    "project_id": "vue-admin-85ef1",
    "storage_bucket": "vue-admin-85ef1.appspot.com"
  },
  "client": [
    {
      "client_info": {
        "mobilesdk_app_id": "1:167187753572:android:66046e43fec5e403",
        "android_client_info": {
          "package_name": "com.apt.vuetower"
        }
      },
      "oauth_client": [
        {
          "client_id": "167187753572-3qb5bp75h064vih9beekc30b6uj75m6d.apps.googleusercontent.com",
          "client_type": 3
        }
      ],
      "api_key": [
        {
          "current_key": "AIzaSyCNHNTEyCYJ5R-HArTQwWBA9hrRGDe9hpU"
        }
      ],
      "services": {
        "analytics_service": {
          "status": 1
        },
        "appinvite_service": {
          "status": 1,
          "other_platform_oauth_client": []
        },
        "ads_service": {
          "status": 2
        }
      }
    }
  ],
  "configuration_version": "1"
}